{"year": [2015, 2016, 2017, 2018, 2019, 2020], "values": [{"value": "male", "mean": [0.2539127086007702, 0.2226017408123791, 0.18300739091718612, 0.221602947678703, 0.21945390199637022, 0.1972014742014742], "sem": [0.016721473793336154, 0.020432838085716123, 0.0145373706443844, 0.012962587707339079, 0.011476851197268732, 0.01345344970492404]}, {"value": "female", "mean": [0.2895473214285714, 0.2770493788819876, 0.3299023510971787, 0.2985843181818182, 0.31082397336293005, 0.30384571890145395], "sem": [0.021738356649300076, 0.024425017448904043, 0.017947505709504107, 0.01563049049520797, 0.01447330947520624, 0.019078090029801913]}]}