{"year": [2015, 2016, 2017, 2018, 2019, 2020], "values": [{"value": "United States of America", "mean": [0.298108014571949, 0.25019375, 0.2625235457063712, 0.26130545670225386, 0.28282732067510546, 0.2885098389982111], "sem": [0.019289526206813415, 0.02128793419596291, 0.017456873168073685, 0.015421932737277723, 0.01472444035007724, 0.019935583611010055]}, {"value": "United Kingdom", "mean": [0.2557937142857143, 0.2163949494949495, 0.21380106761565837, 0.27156292428198436, 0.20541093749999997, 0.23667669172932332], "sem": [0.035908615760227, 0.049347853008250384, 0.0300584280226305, 0.02504564781926764, 0.023472551482514956, 0.028717804687662253]}]}